{"flutter":{"platforms":{"android":{"default":{"projectId":"mega-mart-13ac5","appId":"1:254803010706:android:816675471a9165a2ac324b","fileOutput":"android/app/google-services.json"}},"dart":{"lib/firebase_options.dart":{"projectId":"mega-mart-13ac5","configurations":{"android":"1:254803010706:android:816675471a9165a2ac324b","ios":"1:254803010706:ios:70616778a1e8af88ac324b","macos":"1:254803010706:ios:70616778a1e8af88ac324b","web":"1:254803010706:web:01db75b6204de1b5ac324b","windows":"1:254803010706:web:29b147b7ea4a86f1ac324b"}}}}}}